candidate,interviewer,interview_time
Isaac,Dave,2025-07-03 12:15:00
Bob,Bob,2025-11-22 11:37:00
Charlie,Eve,2025-09-04 11:24:00
Charlie,Charlie,2025-02-24 12:03:00
Fay,Hannah,2025-10-01 09:24:00
David,Hannah,2025-02-22 13:24:00
Charlie,Dave,2025-10-01 12:53:00
Isaac,Charlie,2025-12-22 14:11:00
Hannah,Bob,2025-10-04 15:30:00
Alice,Bob,2025-07-22 17:01:00
John,Dave,2025-01-08 15:14:00
Hannah,Grace,2025-04-19 11:14:00
Alice,Hannah,2025-03-15 16:53:00
Bob,Dave,2025-09-14 11:59:00
Hannah,Hannah,2025-06-30 10:31:00
Charlie,Grace,2025-07-22 11:52:00
Hannah,Grace,2025-10-05 12:49:00
Charlie,Grace,2025-01-08 09:56:00
John,Eve,2025-12-02 11:40:00
Eve,Charlie,2025-05-25 16:21:00
Charlie,Hannah,2025-09-30 16:05:00
Hannah,Hannah,2025-03-24 17:44:00
David,Grace,2025-05-28 14:08:00
Eve,Grace,2025-10-03 11:47:00
Fay,Dave,2025-03-04 16:14:00
Bob,Grace,2025-07-28 10:39:00
John,Bob,2025-08-12 16:11:00
Alice,Grace,2025-03-02 09:32:00
Charlie,Charlie,2025-12-26 13:59:00
Alice,Bob,2025-04-03 11:46:00
John,Charlie,2025-10-19 11:11:00
Bob,Dave,2025-10-06 13:08:00
Hannah,Eve,2025-12-22 11:07:00
John,Dave,2025-07-10 11:42:00
Fay,Grace,2025-06-02 09:08:00
Fay,Hannah,2025-11-28 10:34:00
Hannah,Dave,2025-10-03 13:46:00
John,Bob,2025-02-17 14:02:00
John,Bob,2025-03-19 16:15:00
Hannah,Eve,2025-07-09 12:02:00
John,Dave,2025-11-16 17:11:00
Grace,Charlie,2025-02-24 16:27:00
Fay,Eve,2025-01-26 16:46:00
Eve,Bob,2025-11-13 14:28:00
John,Grace,2025-12-27 14:56:00
Charlie,Hannah,2025-10-16 12:33:00
David,Grace,2025-05-22 13:16:00
Charlie,Bob,2025-03-15 11:36:00
Charlie,Bob,2025-03-19 12:22:00
Bob,Eve,2025-03-17 09:06:00
Bob,Charlie,2025-05-19 16:18:00
Grace,Eve,2025-05-26 12:10:00
John,Charlie,2025-06-14 13:57:00
David,Grace,2025-02-02 12:23:00
Isaac,Bob,2025-04-26 15:39:00
John,Hannah,2025-10-03 11:53:00
David,Bob,2025-02-16 12:37:00
Alice,Charlie,2025-04-28 16:55:00
David,Dave,2025-11-11 16:13:00
John,Charlie,2025-11-01 16:38:00
Grace,Eve,2025-11-09 15:36:00
David,Dave,2025-01-18 12:31:00
John,Bob,2025-01-24 11:58:00
Fay,Dave,2025-05-14 10:36:00
David,Dave,2025-09-18 14:54:00
Hannah,Hannah,2025-07-08 17:27:00
Charlie,Dave,2025-12-06 15:05:00
Fay,Grace,2025-10-17 17:49:00
Fay,Hannah,2025-07-19 12:19:00
Charlie,Bob,2025-12-30 14:38:00
Charlie,Eve,2025-08-24 16:07:00
Fay,Bob,2025-12-12 14:40:00
John,Bob,2025-01-16 11:17:00
Alice,Eve,2025-02-11 17:09:00
Fay,Charlie,2025-02-04 16:34:00
Isaac,Bob,2025-07-18 10:42:00
Grace,Dave,2025-01-24 13:16:00
Bob,Bob,2025-05-06 11:41:00
Eve,Bob,2025-06-26 12:11:00
Isaac,Grace,2025-01-03 15:19:00
Charlie,Bob,2025-11-01 11:24:00
Bob,Dave,2025-04-30 13:15:00
Grace,Dave,2025-09-09 17:06:00
Charlie,Bob,2025-10-26 15:51:00
Alice,Charlie,2025-11-09 13:54:00
Grace,Hannah,2025-10-28 11:25:00
Hannah,Eve,2025-10-21 10:47:00
David,Bob,2025-11-20 15:41:00
David,Charlie,2025-08-16 12:53:00
Hannah,Hannah,2025-01-12 09:01:00
John,Grace,2025-07-10 14:02:00
Isaac,Charlie,2025-04-07 13:40:00
Alice,Grace,2025-12-09 09:58:00
Bob,Hannah,2025-12-05 11:08:00
Hannah,Charlie,2025-05-15 15:44:00
David,Hannah,2025-11-22 11:32:00
David,Dave,2025-04-28 14:28:00
Fay,Hannah,2025-02-09 15:34:00
Charlie,Grace,2025-05-07 16:41:00
Hannah,Charlie,2025-06-08 17:04:00
Eve,Eve,2025-07-12 11:09:00
Fay,Grace,2025-08-14 16:14:00
Isaac,Grace,2025-05-29 13:54:00
Alice,Eve,2025-10-11 09:15:00
Eve,Eve,2025-01-27 17:01:00
David,Hannah,2025-04-02 17:43:00
Grace,Dave,2025-05-22 10:17:00
Isaac,Dave,2025-11-26 15:10:00
Grace,Dave,2025-11-25 12:56:00
David,Grace,2025-10-31 11:30:00
David,Eve,2025-06-20 13:46:00
John,Eve,2025-08-04 17:01:00
Eve,Hannah,2025-08-09 10:46:00
Isaac,Dave,2025-08-13 10:31:00
Grace,Eve,2025-01-26 13:43:00
Grace,Bob,2025-11-03 13:38:00
Isaac,Grace,2025-02-08 09:23:00
Eve,Bob,2025-07-03 11:35:00
Grace,Grace,2025-09-07 10:03:00
Isaac,Hannah,2025-06-06 11:42:00
Eve,Hannah,2025-05-09 11:25:00
Alice,Hannah,2025-12-22 16:57:00
Bob,Eve,2025-08-28 09:11:00
Isaac,Grace,2025-03-19 12:41:00
Alice,Grace,2025-12-06 10:31:00
Fay,Bob,2025-08-09 16:57:00
Bob,Charlie,2025-02-26 09:50:00
John,Dave,2025-02-28 15:17:00
Bob,Charlie,2025-06-11 11:14:00
John,Eve,2025-10-10 14:40:00
Hannah,Hannah,2025-07-02 13:16:00
Alice,Charlie,2025-07-09 16:02:00
Eve,Eve,2025-11-17 17:37:00
Alice,Grace,2025-08-08 14:16:00
David,Dave,2025-10-26 17:17:00
Eve,Eve,2025-11-18 16:04:00
Eve,Eve,2025-11-06 17:08:00
Hannah,Charlie,2025-09-02 09:16:00
John,Bob,2025-11-26 14:01:00
Charlie,Grace,2025-10-17 10:55:00
Grace,Grace,2025-11-03 14:54:00
Charlie,Bob,2025-03-01 11:35:00
Hannah,Hannah,2025-07-24 13:25:00
Bob,Grace,2025-11-27 14:48:00
Hannah,Dave,2025-08-03 11:18:00
Charlie,Eve,2025-09-14 15:08:00
Alice,Eve,2025-01-06 15:42:00
Grace,Grace,2025-12-05 17:11:00
Alice,Bob,2025-02-04 09:11:00
Alice,Dave,2025-01-01 15:10:00
Charlie,Hannah,2025-01-24 17:26:00
Isaac,Bob,2025-06-08 14:54:00
Hannah,Bob,2025-05-29 14:42:00
Alice,Grace,2025-05-13 13:06:00
Alice,Eve,2025-12-21 14:46:00
David,Eve,2025-09-11 12:58:00
Grace,Hannah,2025-06-03 13:16:00
Eve,Charlie,2025-05-30 09:18:00
Charlie,Bob,2025-01-28 15:40:00
Eve,Eve,2025-11-14 17:20:00
Charlie,Grace,2025-08-31 17:40:00
Bob,Grace,2025-09-09 10:09:00
Bob,Dave,2025-07-19 09:36:00
Eve,Charlie,2025-02-14 11:32:00
John,Charlie,2025-10-29 11:12:00
Alice,Bob,2025-03-24 14:29:00
Isaac,Hannah,2025-02-17 17:50:00
Eve,Dave,2025-07-05 10:11:00
Charlie,Hannah,2025-09-13 09:11:00
Fay,Grace,2025-08-24 15:12:00
Grace,Eve,2025-07-27 09:16:00
Alice,Grace,2025-06-26 09:28:00
John,Grace,2025-08-02 14:04:00
Alice,Charlie,2025-01-27 11:59:00
Charlie,Grace,2025-07-28 17:16:00
Isaac,Dave,2025-01-11 12:29:00
Bob,Hannah,2025-04-03 17:41:00
Isaac,Bob,2025-12-13 11:45:00
Alice,Grace,2025-02-22 17:51:00
Bob,Charlie,2025-07-01 13:13:00
Eve,Charlie,2025-11-21 10:44:00
Charlie,Dave,2025-08-14 09:58:00
Fay,Grace,2025-08-07 13:04:00
Isaac,Charlie,2025-03-28 17:45:00
Fay,Grace,2025-01-18 16:21:00
David,Eve,2025-09-25 11:07:00
Alice,Hannah,2025-07-07 14:54:00
David,Hannah,2025-07-20 16:46:00
Grace,Bob,2025-03-01 10:15:00
John,Charlie,2025-02-18 16:59:00
Isaac,Hannah,2025-11-10 09:50:00
John,Charlie,2025-06-17 16:36:00
Hannah,Grace,2025-03-29 14:58:00
John,Eve,2025-10-21 09:35:00
David,Hannah,2025-04-26 10:57:00
Alice,Hannah,2025-12-25 11:23:00
Charlie,Grace,2025-08-23 15:42:00
Bob,Grace,2025-01-14 13:50:00
Eve,Grace,2025-02-16 15:32:00
Isaac,Charlie,2025-07-29 10:49:00
Fay,Eve,2025-02-15 16:17:00
Isaac,Hannah,2025-05-06 09:06:00
John,Hannah,2025-04-08 15:08:00
John,Eve,2025-09-30 12:55:00
David,Dave,2025-07-24 13:20:00
Hannah,Eve,2025-09-28 09:01:00
Charlie,Hannah,2025-10-26 10:56:00
David,Bob,2025-10-08 14:21:00
David,Hannah,2025-06-27 15:48:00
Hannah,Bob,2025-01-12 13:30:00
Grace,Bob,2025-07-09 12:11:00
Alice,Eve,2025-02-10 13:03:00
Bob,Hannah,2025-10-19 10:03:00
Eve,Dave,2025-10-17 13:22:00
Isaac,Bob,2025-10-09 12:17:00
Fay,Grace,2025-04-22 10:07:00
Bob,Bob,2025-07-15 10:59:00
David,Grace,2025-05-07 09:55:00
Isaac,Grace,2025-03-04 13:12:00
Eve,Bob,2025-04-09 12:23:00
David,Bob,2025-02-03 11:08:00
Fay,Eve,2025-10-10 14:44:00
Eve,Charlie,2025-03-21 16:53:00
Eve,Bob,2025-08-23 09:53:00
Hannah,Dave,2025-04-01 09:38:00
Charlie,Grace,2025-10-13 12:48:00
Isaac,Eve,2025-09-17 09:25:00
John,Eve,2025-01-24 15:16:00
John,Dave,2025-06-01 15:13:00
Fay,Bob,2025-05-23 10:58:00
Grace,Grace,2025-07-02 16:45:00
Isaac,Hannah,2025-12-07 09:27:00
Bob,Hannah,2025-09-16 13:34:00
Grace,Bob,2025-05-08 10:27:00
Grace,Charlie,2025-07-20 14:48:00
Fay,Dave,2025-01-07 10:26:00
Fay,Hannah,2025-05-12 12:02:00
David,Eve,2025-06-26 10:41:00
Charlie,Hannah,2025-09-10 09:09:00
Charlie,Dave,2025-05-10 10:31:00
Charlie,Dave,2025-05-22 13:51:00
Fay,Hannah,2025-03-03 17:19:00
Charlie,Grace,2025-01-19 13:15:00
Isaac,Grace,2025-09-23 15:43:00
David,Dave,2025-11-01 09:45:00
Charlie,Grace,2025-06-18 17:14:00
Eve,Grace,2025-11-22 10:22:00
David,Eve,2025-07-10 11:37:00
John,Charlie,2025-03-07 13:29:00
David,Grace,2025-11-29 16:45:00
Bob,Bob,2025-08-18 09:42:00
Alice,Bob,2025-03-19 10:57:00
Isaac,Bob,2025-04-27 16:23:00
Charlie,Bob,2025-11-15 09:16:00
Grace,Hannah,2025-02-07 17:00:00
Isaac,Charlie,2025-03-27 15:05:00
John,Bob,2025-12-10 15:49:00
Eve,Grace,2025-03-21 13:20:00
Charlie,Grace,2025-08-05 10:10:00
Charlie,Charlie,2025-04-04 14:46:00
Grace,Hannah,2025-01-03 09:04:00
Isaac,Grace,2025-10-16 16:07:00
David,Eve,2025-08-21 13:29:00
Bob,Charlie,2025-03-07 12:57:00
Isaac,Hannah,2025-10-16 12:34:00
Isaac,Dave,2025-01-01 15:09:00
Charlie,Bob,2025-06-06 12:45:00
Charlie,Dave,2025-06-29 09:33:00
Isaac,Bob,2025-10-16 13:35:00
Charlie,Grace,2025-05-24 12:22:00
Charlie,Hannah,2025-09-03 15:18:00
Bob,Eve,2025-08-16 17:44:00
Bob,Grace,2025-12-17 17:59:00
Eve,Charlie,2025-04-13 09:57:00
Isaac,Grace,2025-02-07 14:36:00
Isaac,Eve,2025-03-07 10:31:00
Grace,Charlie,2025-10-27 09:33:00
John,Grace,2025-06-09 11:06:00
Isaac,Charlie,2025-03-06 11:26:00
Grace,Bob,2025-10-13 10:58:00
Charlie,Grace,2025-04-17 13:37:00
David,Dave,2025-02-10 16:29:00
Hannah,Dave,2025-08-31 14:17:00
Bob,Bob,2025-01-02 09:39:00
David,Charlie,2025-05-30 13:04:00
Fay,Bob,2025-11-10 13:56:00
Grace,Dave,2025-06-13 14:29:00
John,Dave,2025-06-02 12:08:00
Hannah,Charlie,2025-01-15 12:21:00
Bob,Bob,2025-12-14 12:07:00
Bob,Bob,2025-03-28 13:28:00
David,Bob,2025-10-31 16:46:00
Hannah,Eve,2025-06-20 14:13:00
Fay,Eve,2025-04-02 09:00:00
John,Grace,2025-11-06 17:53:00
Grace,Charlie,2025-10-04 10:19:00
Charlie,Bob,2025-11-03 17:25:00
Charlie,Eve,2025-07-07 16:22:00
John,Grace,2025-06-14 10:52:00
John,Eve,2025-10-04 15:47:00
Alice,Charlie,2025-11-12 17:09:00
Bob,Grace,2025-01-14 13:34:00
Grace,Dave,2025-03-03 13:34:00
Eve,Grace,2025-09-27 15:38:00
Eve,Charlie,2025-11-06 15:03:00
Isaac,Eve,2025-04-09 15:54:00
Eve,Bob,2025-06-14 14:38:00
Hannah,Bob,2025-07-08 11:53:00
Isaac,Bob,2025-08-17 11:36:00
Alice,Eve,2025-06-08 12:14:00
Eve,Charlie,2025-05-28 09:21:00
Isaac,Grace,2025-01-04 10:24:00
Grace,Charlie,2025-03-13 16:10:00
Isaac,Grace,2025-06-14 15:42:00
Grace,Hannah,2025-06-11 13:29:00
Grace,Dave,2025-03-30 09:01:00
Bob,Charlie,2025-06-20 11:23:00
John,Eve,2025-07-23 13:36:00
John,Dave,2025-08-26 10:18:00
Alice,Grace,2025-09-08 12:33:00
Charlie,Charlie,2025-11-08 12:18:00
Charlie,Charlie,2025-10-12 17:47:00
Alice,Grace,2025-05-06 16:50:00
Isaac,Grace,2025-01-18 09:41:00
John,Hannah,2025-11-18 12:05:00
Alice,Charlie,2025-12-13 12:47:00
Fay,Grace,2025-10-25 17:17:00
Hannah,Grace,2025-08-10 12:58:00
Bob,Dave,2025-12-06 11:55:00
Isaac,Grace,2025-11-26 11:46:00
Eve,Charlie,2025-02-19 09:49:00
Charlie,Dave,2025-12-09 09:25:00
Isaac,Hannah,2025-11-22 15:48:00
Isaac,Charlie,2025-06-22 09:29:00
Hannah,Charlie,2025-06-22 16:53:00
Charlie,Bob,2025-11-09 12:40:00
David,Bob,2025-10-07 17:41:00
David,Dave,2025-05-31 15:50:00
Grace,Charlie,2025-03-27 16:30:00
Eve,Bob,2025-04-19 13:30:00
Eve,Charlie,2025-09-27 17:45:00
Isaac,Charlie,2025-07-17 15:09:00
Charlie,Charlie,2025-11-21 10:17:00
Bob,Bob,2025-11-07 16:15:00
Fay,Grace,2025-08-07 10:15:00
Hannah,Bob,2025-03-13 10:51:00
Hannah,Dave,2025-08-07 13:46:00
Eve,Dave,2025-07-25 12:46:00
David,Grace,2025-07-24 10:11:00
Eve,Grace,2025-10-04 11:23:00
Fay,Eve,2025-12-26 10:50:00
Bob,Eve,2025-12-05 09:50:00
Eve,Charlie,2025-05-31 16:33:00
Charlie,Bob,2025-08-18 16:06:00
Fay,Eve,2025-08-14 12:02:00
Eve,Dave,2025-09-21 13:54:00
Bob,Grace,2025-05-20 10:01:00
Hannah,Bob,2025-08-28 12:40:00
Hannah,Eve,2025-06-01 12:11:00
Eve,Charlie,2025-05-27 17:00:00
John,Charlie,2025-10-28 11:04:00
Isaac,Hannah,2025-12-20 12:51:00
Eve,Hannah,2025-06-18 17:13:00
David,Charlie,2025-05-27 11:54:00
John,Hannah,2025-07-02 13:55:00
Alice,Eve,2025-02-17 10:19:00
Alice,Charlie,2025-12-08 11:09:00
Isaac,Bob,2025-04-30 17:42:00
David,Grace,2025-07-27 13:09:00
David,Eve,2025-08-30 16:31:00
Charlie,Charlie,2025-12-12 11:27:00
Isaac,Bob,2025-07-12 10:45:00
Charlie,Charlie,2025-09-28 09:03:00
Charlie,Charlie,2025-03-08 10:09:00
Hannah,Grace,2025-06-18 10:44:00
Eve,Hannah,2025-07-25 16:22:00
John,Dave,2025-12-12 12:40:00
Charlie,Grace,2025-06-07 09:46:00
Isaac,Dave,2025-01-10 16:30:00
Grace,Charlie,2025-06-17 09:26:00
David,Grace,2025-08-09 15:35:00
John,Charlie,2025-08-29 16:14:00
Isaac,Dave,2025-04-06 10:57:00
John,Hannah,2025-09-08 15:56:00
Hannah,Dave,2025-03-08 17:46:00
Grace,Hannah,2025-06-25 16:01:00
Isaac,Charlie,2025-09-04 16:44:00
David,Grace,2025-05-15 13:39:00
Charlie,Bob,2025-10-22 12:49:00
Bob,Dave,2025-10-17 10:13:00
Eve,Charlie,2025-01-06 14:12:00
Charlie,Charlie,2025-08-01 16:10:00
Eve,Hannah,2025-06-02 09:52:00
Hannah,Grace,2025-10-06 09:53:00
John,Bob,2025-10-02 13:52:00
Hannah,Charlie,2025-07-23 15:25:00
Eve,Eve,2025-11-27 12:33:00
Alice,Charlie,2025-03-07 12:39:00
Hannah,Dave,2025-08-23 09:47:00
Hannah,Eve,2025-03-20 09:12:00
Hannah,Dave,2025-05-28 13:05:00
John,Grace,2025-04-24 11:39:00
Eve,Hannah,2025-12-17 11:18:00
David,Hannah,2025-05-27 16:05:00
Grace,Hannah,2025-08-27 13:30:00
Isaac,Eve,2025-02-16 11:37:00
Hannah,Charlie,2025-12-17 17:15:00
Hannah,Hannah,2025-12-16 16:01:00
Eve,Grace,2025-10-26 17:50:00
David,Dave,2025-06-07 13:12:00
Isaac,Dave,2025-07-21 12:07:00
David,Bob,2025-06-13 09:57:00
Fay,Bob,2025-11-15 16:28:00
Bob,Grace,2025-07-16 14:37:00
David,Dave,2025-02-01 15:10:00
Hannah,Eve,2025-03-26 10:07:00
Fay,Charlie,2025-06-28 11:15:00
Isaac,Hannah,2025-08-26 12:16:00
Grace,Eve,2025-05-09 13:45:00
Bob,Hannah,2025-12-13 11:53:00
Charlie,Grace,2025-01-06 12:57:00
John,Hannah,2025-02-27 15:10:00
Hannah,Dave,2025-09-23 17:45:00
Eve,Hannah,2025-09-12 14:08:00
Grace,Charlie,2025-02-24 11:50:00
Fay,Hannah,2025-09-02 11:17:00
Fay,Hannah,2025-05-01 16:36:00
Fay,Dave,2025-08-28 10:30:00
John,Charlie,2025-07-27 15:51:00
Fay,Grace,2025-02-23 10:02:00
Hannah,Dave,2025-07-14 14:15:00
Isaac,Dave,2025-10-04 15:22:00
Isaac,Charlie,2025-04-16 15:51:00
Alice,Dave,2025-06-30 13:59:00
Alice,Dave,2025-12-10 15:02:00
Eve,Bob,2025-05-27 12:04:00
Grace,Bob,2025-09-14 11:29:00
Bob,Eve,2025-10-02 09:53:00
Grace,Grace,2025-11-19 17:14:00
John,Dave,2025-10-21 12:49:00
David,Grace,2025-06-04 14:25:00
Fay,Grace,2025-10-05 15:53:00
John,Hannah,2025-08-10 17:18:00
Fay,Eve,2025-04-08 15:47:00
David,Bob,2025-12-16 16:39:00
John,Charlie,2025-05-15 14:54:00
Charlie,Dave,2025-06-07 14:24:00
Fay,Charlie,2025-02-16 15:26:00
Bob,Dave,2025-01-01 11:36:00
Charlie,Eve,2025-07-14 12:21:00
Eve,Dave,2025-03-14 16:36:00
Fay,Eve,2025-03-31 10:44:00
David,Hannah,2025-05-30 14:10:00
John,Dave,2025-10-21 17:21:00
John,Grace,2025-09-23 09:40:00
Hannah,Grace,2025-05-20 12:05:00
Hannah,Eve,2025-12-28 12:39:00
Charlie,Dave,2025-11-11 11:28:00
David,Hannah,2025-05-22 14:51:00
Eve,Charlie,2025-01-03 14:23:00
Isaac,Charlie,2025-08-15 15:37:00
Fay,Grace,2025-08-11 11:34:00
Charlie,Charlie,2025-04-23 12:02:00
David,Eve,2025-01-06 12:24:00
Bob,Eve,2025-01-25 09:07:00
Grace,Eve,2025-01-22 16:40:00
Alice,Hannah,2025-11-18 10:46:00
Hannah,Hannah,2025-10-29 11:48:00
Bob,Bob,2025-11-23 13:25:00
Eve,Bob,2025-02-26 17:41:00
Isaac,Eve,2025-04-06 16:50:00
Grace,Eve,2025-04-01 15:09:00
David,Bob,2025-11-19 16:44:00
Charlie,Eve,2025-10-04 12:24:00
David,Eve,2025-06-23 11:01:00
John,Bob,2025-01-02 14:53:00
John,Hannah,2025-09-14 17:28:00
Bob,Grace,2025-05-02 15:10:00
Isaac,Charlie,2025-01-17 15:23:00
Alice,Hannah,2025-02-03 13:18:00
Hannah,Grace,2025-03-23 17:25:00
Fay,Eve,2025-04-08 14:57:00
David,Charlie,2025-11-21 12:21:00
Alice,Hannah,2025-06-02 17:55:00
Fay,Hannah,2026-01-01 15:45:00
David,Grace,2025-07-11 11:30:00
Grace,Bob,2025-05-10 12:57:00
Eve,Charlie,2025-07-28 09:19:00
Grace,Charlie,2025-08-08 16:00:00
Charlie,Bob,2025-02-05 16:34:00
Fay,Dave,2025-01-09 14:24:00
Alice,Grace,2025-09-18 17:49:00
Alice,Bob,2025-08-17 13:21:00
Bob,Hannah,2025-02-28 17:45:00
David,Charlie,2025-12-27 13:47:00
Eve,Eve,2025-05-07 16:33:00
Hannah,Bob,2025-12-27 16:18:00
Charlie,Dave,2025-12-25 09:34:00
John,Grace,2025-10-10 14:52:00
David,Dave,2025-02-13 15:07:00
Isaac,Charlie,2025-03-05 14:19:00
Fay,Bob,2025-11-28 14:55:00
John,Grace,2025-03-06 17:30:00
Bob,Eve,2025-03-13 12:35:00
John,Charlie,2025-07-07 15:46:00
John,Grace,2025-08-26 14:50:00
Charlie,Dave,2025-01-19 11:39:00
Charlie,Charlie,2025-08-21 15:38:00
Bob,Charlie,2025-05-03 12:47:00
Hannah,Eve,2025-02-25 13:41:00
Grace,Charlie,2025-03-18 10:36:00
Eve,Grace,2025-04-10 10:07:00
David,Hannah,2025-07-10 11:47:00
John,Eve,2025-06-11 13:33:00
Alice,Charlie,2025-01-05 16:35:00
David,Dave,2025-06-23 14:06:00
Isaac,Eve,2025-10-28 15:52:00
John,Bob,2025-05-10 11:13:00
John,Hannah,2025-08-09 15:52:00
Grace,Charlie,2025-11-30 13:13:00
John,Grace,2025-03-29 11:50:00
David,Grace,2025-04-27 16:29:00
Alice,Dave,2025-11-18 16:03:00
Isaac,Grace,2025-12-08 13:28:00
David,Bob,2025-06-19 16:35:00
Grace,Bob,2025-01-31 13:51:00
Hannah,Bob,2025-11-05 14:20:00
David,Eve,2025-08-16 13:32:00
Bob,Charlie,2025-08-14 14:29:00
John,Bob,2025-08-21 12:40:00
Eve,Hannah,2025-11-22 12:49:00
Eve,Hannah,2025-11-26 10:48:00
John,Dave,2025-07-16 10:54:00
Isaac,Charlie,2025-08-29 15:24:00
Eve,Dave,2025-03-05 10:37:00
Fay,Charlie,2025-10-13 12:44:00
Isaac,Charlie,2025-11-10 16:57:00
Fay,Bob,2025-09-28 14:48:00
Eve,Grace,2025-11-27 15:32:00
Eve,Hannah,2025-04-21 16:26:00
Isaac,Bob,2025-10-29 09:55:00
Alice,Dave,2025-12-18 10:44:00
Fay,Charlie,2025-01-29 11:16:00
David,Eve,2025-03-16 09:00:00
Bob,Charlie,2025-03-25 11:33:00
Fay,Grace,2025-11-03 13:55:00
John,Charlie,2025-08-14 12:31:00
Alice,Charlie,2025-05-07 14:57:00
Charlie,Grace,2025-06-17 12:05:00
Grace,Bob,2025-10-20 10:55:00
Hannah,Grace,2025-08-14 11:13:00
Fay,Charlie,2025-02-22 15:36:00
David,Charlie,2025-12-29 09:38:00
Grace,Charlie,2025-05-20 09:14:00
Grace,Hannah,2025-07-18 11:53:00
David,Dave,2025-05-16 14:12:00
Isaac,Dave,2025-11-30 09:56:00
John,Eve,2025-05-15 15:37:00
Fay,Grace,2025-09-07 17:00:00
John,Hannah,2025-09-03 09:57:00
Alice,Bob,2025-12-15 17:28:00
Hannah,Grace,2025-12-27 11:27:00
Fay,Charlie,2025-03-07 11:51:00
John,Hannah,2025-11-26 17:55:00
Eve,Eve,2025-10-05 15:31:00
David,Charlie,2025-05-25 16:19:00
Charlie,Eve,2025-06-08 10:42:00
Isaac,Dave,2025-07-23 13:26:00
John,Hannah,2025-10-06 17:46:00
Hannah,Eve,2025-01-19 14:30:00
Charlie,Dave,2025-06-26 15:41:00
Fay,Dave,2025-12-10 11:51:00
John,Hannah,2025-05-26 16:25:00
Eve,Bob,2025-06-10 17:42:00
Bob,Charlie,2025-06-09 16:51:00
Isaac,Hannah,2025-03-16 12:29:00
Alice,Eve,2025-06-14 12:38:00
Hannah,Hannah,2025-06-16 15:04:00
David,Eve,2025-01-23 17:48:00
Hannah,Bob,2025-06-17 14:43:00
John,Bob,2025-04-25 10:20:00
Charlie,Bob,2025-02-16 15:46:00
John,Grace,2025-12-18 15:45:00
John,Bob,2025-06-17 14:48:00
Hannah,Dave,2025-01-30 16:16:00
Fay,Grace,2025-02-17 13:37:00
Charlie,Eve,2025-04-28 16:12:00
Isaac,Dave,2025-04-03 14:39:00
Grace,Bob,2025-12-05 10:05:00
Isaac,Grace,2025-06-21 15:59:00
Alice,Eve,2025-02-11 16:26:00
David,Hannah,2025-02-07 14:32:00
Charlie,Charlie,2025-05-06 14:05:00
David,Dave,2025-07-21 17:01:00
Alice,Charlie,2025-09-13 09:37:00
Alice,Charlie,2025-07-05 11:33:00
Fay,Eve,2025-07-31 10:30:00
Grace,Eve,2025-02-27 15:30:00
Alice,Eve,2025-06-17 10:31:00
Charlie,Dave,2025-03-07 09:56:00
David,Dave,2025-09-16 11:53:00
Hannah,Dave,2025-08-29 10:28:00
David,Hannah,2025-05-17 16:10:00
Bob,Dave,2025-11-11 10:13:00
Hannah,Eve,2025-01-13 09:47:00
Alice,Eve,2025-11-11 16:13:00
Fay,Charlie,2025-06-16 17:29:00
Alice,Bob,2025-01-23 15:12:00
Hannah,Eve,2025-09-20 11:51:00
John,Bob,2025-11-05 11:48:00
Grace,Eve,2025-02-20 17:59:00
John,Bob,2025-10-09 16:39:00
David,Grace,2025-02-25 17:34:00
Grace,Hannah,2025-07-05 13:19:00
Fay,Grace,2025-11-07 10:21:00
Eve,Dave,2025-03-17 13:14:00
Eve,Charlie,2025-06-26 13:15:00
Grace,Dave,2025-12-25 17:35:00
Fay,Hannah,2025-07-30 17:57:00
Fay,Dave,2025-11-29 14:14:00
Grace,Hannah,2025-07-27 17:45:00
David,Eve,2025-03-13 10:47:00
Grace,Eve,2025-06-13 15:42:00
Charlie,Bob,2025-08-05 10:35:00
Grace,Bob,2025-05-22 09:26:00
Eve,Eve,2025-05-10 11:08:00
Alice,Dave,2025-01-16 13:35:00
Isaac,Hannah,2025-12-01 13:15:00
Alice,Hannah,2025-11-16 09:36:00
Bob,Hannah,2025-02-18 12:43:00
Isaac,Eve,2025-01-23 10:25:00
John,Hannah,2025-05-02 16:05:00
Grace,Eve,2025-08-19 13:01:00
Eve,Bob,2025-03-24 12:37:00
John,Grace,2025-10-16 12:29:00
Grace,Bob,2025-01-23 10:25:00
Isaac,Grace,2025-12-27 14:52:00
Isaac,Grace,2025-10-27 13:32:00
Fay,Bob,2025-11-19 16:19:00
David,Hannah,2025-11-06 15:02:00
Bob,Bob,2025-12-01 13:48:00
John,Hannah,2025-05-14 13:27:00
Grace,Eve,2025-08-06 14:42:00
Charlie,Grace,2025-12-24 12:16:00
Hannah,Charlie,2025-12-27 12:29:00
Bob,Charlie,2025-11-19 09:33:00
Fay,Hannah,2025-03-11 15:45:00
Charlie,Charlie,2025-07-17 16:19:00
Fay,Charlie,2025-11-22 09:21:00
David,Hannah,2025-03-21 13:14:00
Isaac,Bob,2025-12-19 09:46:00
Charlie,Hannah,2025-08-19 11:45:00
David,Charlie,2025-09-26 12:24:00
Alice,Hannah,2025-03-02 11:32:00
Bob,Dave,2025-03-03 17:46:00
Isaac,Charlie,2025-05-31 14:19:00
Isaac,Dave,2025-12-25 12:11:00
Isaac,Dave,2025-07-25 11:29:00
Grace,Grace,2025-09-03 09:47:00
Isaac,Charlie,2025-10-05 10:50:00
Isaac,Hannah,2025-11-27 13:56:00
David,Eve,2025-03-03 12:18:00
John,Bob,2025-10-17 13:21:00
Alice,Grace,2025-04-06 17:51:00
Alice,Hannah,2025-09-11 15:24:00
Bob,Eve,2025-06-25 13:01:00
Isaac,Charlie,2025-12-21 17:10:00
Isaac,Grace,2025-03-02 15:04:00
Charlie,Grace,2025-07-17 16:57:00
Bob,Eve,2025-06-07 09:12:00
Grace,Dave,2025-02-06 13:29:00
Alice,Eve,2025-05-05 15:20:00
David,Bob,2025-05-29 15:56:00
Alice,Charlie,2025-01-14 10:24:00
Charlie,Eve,2025-06-16 10:37:00
David,Eve,2025-01-05 13:26:00
Hannah,Grace,2025-06-12 12:31:00
John,Dave,2025-11-14 15:02:00
Hannah,Grace,2025-08-12 16:30:00
Isaac,Eve,2025-05-24 13:26:00
Bob,Grace,2025-02-12 12:25:00
Grace,Bob,2025-01-19 15:57:00
Eve,Hannah,2025-04-29 15:46:00
Hannah,Dave,2025-04-14 09:48:00
Hannah,Bob,2025-03-02 10:18:00
Grace,Dave,2025-09-08 17:29:00
David,Grace,2025-10-21 13:23:00
David,Eve,2025-12-12 12:53:00
David,Dave,2025-04-28 14:58:00
Bob,Charlie,2025-02-11 16:40:00
Bob,Dave,2025-11-24 16:02:00
David,Bob,2025-05-23 10:49:00
Bob,Hannah,2025-01-16 15:22:00
John,Hannah,2025-12-24 13:30:00
Grace,Charlie,2025-03-11 10:50:00
Charlie,Hannah,2025-11-07 12:56:00
David,Grace,2025-05-28 14:45:00
Fay,Grace,2025-02-21 10:43:00
Hannah,Charlie,2025-09-13 11:26:00
David,Bob,2025-10-16 11:04:00
Alice,Bob,2025-10-02 09:34:00
Charlie,Hannah,2025-01-13 17:32:00
Eve,Grace,2025-07-08 11:32:00
Isaac,Hannah,2025-11-24 16:11:00
Charlie,Hannah,2025-01-23 14:25:00
Charlie,Eve,2025-10-25 13:29:00
Alice,Dave,2025-12-04 16:33:00
Grace,Dave,2025-12-14 17:32:00
Bob,Charlie,2025-05-19 14:08:00
Hannah,Eve,2025-06-14 12:56:00
Hannah,Bob,2025-12-01 13:21:00
John,Dave,2025-08-03 09:49:00
David,Dave,2025-01-27 14:56:00
Eve,Eve,2025-08-11 16:19:00
Fay,Eve,2025-06-27 11:02:00
Isaac,Dave,2025-05-15 11:40:00
John,Charlie,2025-01-06 13:54:00
Bob,Hannah,2025-03-26 13:58:00
Alice,Eve,2025-08-07 10:52:00
Hannah,Eve,2025-07-16 12:04:00
Bob,Charlie,2025-12-03 17:16:00
David,Dave,2025-04-30 16:10:00
Alice,Grace,2025-10-25 15:53:00
Fay,Hannah,2025-05-09 10:15:00
Eve,Grace,2025-01-12 14:47:00
Fay,Hannah,2025-09-25 11:23:00
Hannah,Dave,2025-03-02 17:16:00
Isaac,Eve,2025-05-03 14:00:00
Charlie,Eve,2025-03-05 15:12:00
Bob,Hannah,2025-08-03 11:19:00
Grace,Hannah,2025-02-19 13:42:00
Eve,Grace,2025-04-07 12:39:00
John,Bob,2025-08-20 15:48:00
Isaac,Grace,2025-12-10 17:07:00
Charlie,Hannah,2025-08-10 16:36:00
John,Grace,2025-10-06 13:15:00
John,Eve,2025-06-25 10:22:00
John,Hannah,2025-12-30 15:31:00
Isaac,Grace,2025-08-10 09:39:00
John,Grace,2025-09-22 11:52:00
David,Charlie,2025-09-30 13:01:00
Fay,Dave,2025-02-10 09:50:00
Charlie,Charlie,2025-08-29 16:42:00
Grace,Eve,2025-10-27 12:22:00
Alice,Dave,2025-08-11 13:59:00
John,Bob,2025-08-11 10:04:00
Grace,Eve,2025-12-07 10:05:00
Grace,Grace,2025-06-04 10:56:00
Charlie,Dave,2025-01-23 09:20:00
David,Bob,2025-08-10 17:09:00
Bob,Dave,2025-03-15 09:20:00
Charlie,Grace,2025-11-06 15:45:00
Hannah,Charlie,2025-06-19 12:45:00
Fay,Bob,2025-11-04 11:07:00
Alice,Hannah,2025-03-28 14:00:00
Fay,Hannah,2025-07-09 11:20:00
Eve,Dave,2025-05-31 10:32:00
Bob,Grace,2025-06-12 17:05:00
Charlie,Bob,2025-12-25 11:47:00
Fay,Hannah,2025-02-21 13:29:00
Bob,Eve,2025-08-01 13:28:00
Charlie,Dave,2025-06-18 09:49:00
John,Grace,2025-03-23 13:42:00
Alice,Eve,2025-05-10 09:57:00
Alice,Hannah,2025-09-28 15:00:00
Grace,Charlie,2025-04-04 12:43:00
Fay,Hannah,2025-10-17 10:50:00
David,Hannah,2025-09-22 13:13:00
Hannah,Bob,2025-06-29 11:21:00
Charlie,Dave,2025-05-06 10:05:00
Charlie,Hannah,2025-06-05 17:44:00
Hannah,Charlie,2025-12-25 14:50:00
David,Eve,2025-05-17 16:21:00
David,Dave,2025-07-05 11:28:00
Hannah,Bob,2025-04-08 11:08:00
Eve,Charlie,2025-03-18 09:23:00
Bob,Dave,2025-04-30 10:14:00
Fay,Hannah,2025-11-23 11:21:00
John,Eve,2025-10-08 09:57:00
Hannah,Grace,2025-06-01 09:37:00
Alice,Eve,2025-09-30 16:59:00
Alice,Dave,2025-10-14 16:17:00
Fay,Grace,2025-01-07 09:55:00
David,Dave,2025-01-18 17:00:00
Charlie,Bob,2025-08-31 12:30:00
Charlie,Dave,2025-03-07 11:45:00
Grace,Bob,2025-03-04 09:30:00
Hannah,Bob,2025-08-16 14:28:00
Fay,Grace,2025-09-03 14:23:00
Fay,Eve,2025-07-01 11:19:00
Grace,Hannah,2025-03-24 11:06:00
Grace,Dave,2025-09-08 12:31:00
Hannah,Grace,2025-02-23 11:44:00
Isaac,Grace,2025-05-29 17:53:00
Eve,Charlie,2025-10-18 16:24:00
Hannah,Bob,2025-05-29 09:58:00
Bob,Bob,2025-12-08 16:17:00
Charlie,Eve,2025-01-19 16:46:00
Alice,Bob,2025-07-02 12:19:00
Hannah,Charlie,2025-04-22 12:43:00
David,Grace,2025-09-22 12:00:00
Bob,Hannah,2025-02-13 12:37:00
David,Bob,2025-03-20 15:47:00
Isaac,Bob,2025-10-21 11:42:00
Isaac,Eve,2025-10-14 14:09:00
Fay,Grace,2025-05-01 11:34:00
David,Eve,2025-07-17 09:57:00
Isaac,Bob,2025-10-16 10:19:00
David,Charlie,2025-04-14 10:15:00
Alice,Dave,2025-09-10 09:32:00
Hannah,Grace,2025-06-10 13:53:00
David,Charlie,2025-05-06 13:43:00
Alice,Grace,2025-06-24 14:19:00
Fay,Eve,2025-05-24 11:50:00
Hannah,Charlie,2025-05-01 16:55:00
David,Eve,2025-07-04 12:14:00
Bob,Charlie,2025-12-24 15:43:00
John,Grace,2025-05-23 13:00:00
Fay,Bob,2025-12-26 13:51:00
David,Eve,2025-07-23 13:39:00
Charlie,Dave,2025-05-24 09:22:00
Hannah,Eve,2025-09-07 12:36:00
John,Dave,2025-10-16 11:32:00
Fay,Dave,2025-06-26 10:25:00
Fay,Charlie,2025-11-04 10:58:00
John,Grace,2025-08-22 09:25:00
Eve,Grace,2025-07-06 17:01:00
David,Dave,2025-03-17 12:40:00
David,Dave,2025-10-05 17:45:00
Bob,Eve,2025-07-05 11:54:00
John,Charlie,2025-02-24 16:37:00
Charlie,Eve,2025-10-07 13:55:00
Grace,Bob,2025-10-10 12:00:00
John,Grace,2025-11-25 16:20:00
John,Grace,2025-01-15 09:09:00
David,Dave,2025-01-01 10:08:00
Hannah,Hannah,2025-10-09 15:29:00
Fay,Hannah,2025-05-07 11:15:00
John,Charlie,2025-03-18 12:08:00
John,Hannah,2025-09-19 15:25:00
John,Grace,2025-09-02 14:39:00
Fay,Bob,2025-03-07 11:27:00
Charlie,Hannah,2025-05-06 13:39:00
Fay,Charlie,2025-07-15 15:37:00
Isaac,Charlie,2025-04-29 09:14:00
Grace,Charlie,2025-08-06 17:12:00
Hannah,Hannah,2025-01-04 16:41:00
Bob,Eve,2025-12-05 09:09:00
Grace,Grace,2025-07-08 11:09:00
Hannah,Charlie,2025-06-16 17:38:00
David,Eve,2025-01-24 15:28:00
Eve,Hannah,2025-03-21 14:30:00
Alice,Bob,2025-11-29 15:11:00
Hannah,Charlie,2025-10-20 12:00:00
Eve,Grace,2025-05-16 13:26:00
Bob,Eve,2025-08-27 09:11:00
Alice,Grace,2025-10-02 09:14:00
Hannah,Hannah,2025-04-20 14:45:00
Fay,Hannah,2025-11-19 14:08:00
David,Eve,2025-12-29 09:20:00
Bob,Grace,2025-11-24 12:34:00
Bob,Hannah,2025-03-22 15:38:00
Fay,Charlie,2025-01-23 15:08:00
Fay,Grace,2025-08-09 14:26:00
Grace,Charlie,2025-06-06 13:00:00
Grace,Charlie,2025-07-23 10:06:00
Isaac,Eve,2025-04-22 12:01:00
Grace,Hannah,2025-08-14 15:44:00
Fay,Eve,2025-08-30 17:03:00
Alice,Grace,2025-12-05 09:10:00
Fay,Dave,2025-12-28 13:05:00
John,Eve,2025-08-23 17:42:00
Grace,Bob,2025-10-21 09:35:00
Bob,Eve,2025-10-17 13:53:00
David,Grace,2025-07-01 16:07:00
David,Grace,2025-10-14 17:50:00
Charlie,Eve,2025-09-07 15:45:00
Alice,Dave,2025-09-17 17:18:00
Hannah,Charlie,2025-04-28 13:57:00
John,Eve,2025-08-08 17:54:00
David,Dave,2025-11-28 09:48:00
Eve,Dave,2025-11-11 13:19:00
Bob,Grace,2025-01-14 15:42:00
David,Grace,2025-10-03 12:55:00
Eve,Hannah,2025-04-11 13:11:00
Eve,Hannah,2025-04-19 16:44:00
Hannah,Grace,2025-07-10 17:09:00
Charlie,Bob,2025-12-13 13:25:00
David,Bob,2025-07-30 11:08:00
Eve,Hannah,2025-08-17 11:50:00
Isaac,Dave,2025-01-23 13:09:00
Isaac,Hannah,2025-01-31 17:14:00
Fay,Bob,2025-05-23 13:40:00
Alice,Charlie,2025-12-29 10:30:00
Isaac,Dave,2025-05-21 12:32:00
David,Eve,2025-07-18 15:24:00
John,Hannah,2025-06-23 12:38:00
John,Hannah,2025-11-10 15:44:00
Eve,Charlie,2025-04-20 13:14:00
Alice,Hannah,2025-11-08 11:18:00
Fay,Dave,2025-09-23 10:16:00
Alice,Bob,2025-08-19 10:57:00
Eve,Hannah,2025-01-30 15:08:00
Fay,Grace,2025-10-16 17:54:00
Alice,Eve,2025-09-06 17:27:00
Fay,Charlie,2025-11-14 17:06:00
Grace,Bob,2025-04-05 15:20:00
Alice,Eve,2025-06-20 09:08:00
Alice,Eve,2025-12-26 16:07:00
Isaac,Hannah,2025-07-31 16:29:00
Charlie,Dave,2025-06-26 16:41:00
Isaac,Bob,2025-05-12 13:03:00
Grace,Dave,2025-03-20 14:57:00
Eve,Eve,2025-11-21 16:25:00
Charlie,Eve,2025-06-05 13:17:00
Alice,Grace,2025-10-31 12:00:00
Charlie,Hannah,2025-08-08 09:16:00
Bob,Bob,2025-02-04 12:29:00
Grace,Dave,2025-09-03 09:53:00
Eve,Eve,2025-08-08 17:25:00
Alice,Hannah,2025-02-27 16:54:00
Eve,Bob,2025-11-04 13:05:00
Alice,Bob,2025-10-03 15:08:00
Fay,Eve,2025-01-18 13:54:00
Isaac,Charlie,2025-06-26 11:57:00
Fay,Bob,2025-11-21 10:39:00
Charlie,Dave,2025-01-02 09:29:00
Charlie,Bob,2025-06-28 17:02:00
Eve,Dave,2025-06-02 11:49:00
Grace,Bob,2025-11-26 12:08:00
Bob,Eve,2025-01-05 11:51:00
Eve,Charlie,2025-05-18 09:27:00
Fay,Hannah,2025-09-21 15:28:00
Eve,Hannah,2025-03-06 17:57:00
Isaac,Hannah,2025-10-28 17:12:00
Bob,Hannah,2025-01-26 09:56:00
Eve,Bob,2025-03-28 10:07:00
Bob,Bob,2025-11-17 10:52:00
Bob,Grace,2025-04-06 11:27:00
Isaac,Hannah,2025-07-20 15:48:00
Hannah,Grace,2025-12-10 11:50:00
John,Bob,2025-08-02 13:30:00
Fay,Bob,2025-03-11 13:45:00
Alice,Eve,2025-12-11 13:06:00
Bob,Bob,2025-12-16 09:14:00
Isaac,Hannah,2025-08-09 16:08:00
Charlie,Hannah,2025-07-24 11:16:00
David,Hannah,2025-08-24 14:58:00
Fay,Hannah,2025-03-17 11:28:00
John,Hannah,2025-01-18 14:44:00
David,Bob,2025-03-11 12:58:00
Alice,Charlie,2025-01-30 11:39:00
Isaac,Hannah,2025-03-20 14:09:00
John,Eve,2025-11-12 13:42:00
Charlie,Charlie,2025-03-01 11:22:00
Fay,Hannah,2025-10-25 09:31:00
Charlie,Grace,2025-05-13 14:40:00
John,Dave,2025-09-18 15:16:00
Bob,Bob,2025-12-01 14:49:00
Hannah,Charlie,2025-04-04 11:46:00
Bob,Eve,2025-01-07 09:05:00
David,Eve,2025-11-09 09:49:00
John,Eve,2025-12-10 14:57:00
John,Eve,2025-02-23 10:44:00
Hannah,Grace,2025-02-23 17:17:00
Charlie,Charlie,2025-10-16 17:15:00
Grace,Dave,2025-06-10 11:10:00
David,Bob,2025-05-19 11:32:00
John,Eve,2025-06-23 12:52:00
Fay,Bob,2025-11-25 10:17:00
Grace,Eve,2026-01-01 15:57:00
Hannah,Charlie,2025-04-07 11:39:00
Eve,Eve,2025-02-19 13:51:00
Eve,Eve,2025-11-06 11:52:00
John,Bob,2025-03-25 12:37:00
Alice,Hannah,2025-03-21 13:25:00
Grace,Charlie,2025-05-22 11:58:00
Alice,Bob,2025-01-05 14:52:00
Fay,Bob,2025-11-03 09:20:00
Charlie,Dave,2025-05-08 16:44:00
Charlie,Dave,2025-06-01 14:32:00
Alice,Bob,2025-09-14 15:47:00
Isaac,Hannah,2025-03-02 16:27:00
Bob,Bob,2025-03-12 12:09:00
Bob,Eve,2025-12-14 17:48:00
Charlie,Hannah,2025-09-19 09:48:00
Eve,Charlie,2025-12-16 10:55:00
Charlie,Charlie,2025-06-05 13:14:00
Hannah,Dave,2025-03-24 10:20:00
Alice,Hannah,2025-08-21 09:18:00
Alice,Eve,2025-07-01 12:33:00
Grace,Bob,2025-01-06 17:44:00
David,Charlie,2025-09-12 12:41:00
Bob,Bob,2025-02-13 11:24:00
Isaac,Grace,2025-05-15 17:45:00
John,Eve,2025-04-11 11:37:00
Isaac,Hannah,2025-03-07 14:10:00
Fay,Eve,2025-12-20 15:54:00
Charlie,Dave,2025-05-04 17:35:00
Isaac,Hannah,2025-12-20 10:40:00